,id,predicted_positions
0,0,"[5, 10, 12]"
1,1,"[3, 6, 7, 18]"
2,2,"[4, 11, 12, 13, 20, 21, 29]"
3,3,"[2, 7, 8, 12, 14, 16, 20, 26]"
4,4,"[5, 10, 15]"
5,5,"[7, 13, 16, 21]"
6,6,"[5, 14]"
7,7,"[3, 12, 15, 23]"
8,8,"[6, 13, 16, 20]"
9,9,"[5, 12]"
10,10,"[3, 10, 11, 12, 17]"
11,11,"[5, 16, 18]"
12,12,"[6, 12, 21]"
13,13,"[5, 11]"
14,14,"[3, 13, 15, 23]"
15,15,"[4, 11, 21, 25]"
16,16,"[5, 10, 12]"
17,17,"[3, 10, 12, 19, 32]"
18,18,"[4, 5, 9, 11, 12, 14, 15, 17, 24]"
19,19,[5]
20,20,"[3, 13, 15, 22]"
21,21,"[4, 11, 20]"
22,22,"[5, 11, 16]"
23,23,"[3, 9, 17]"
24,24,"[5, 12, 18]"
25,25,"[5, 16, 17]"
26,26,"[3, 4, 5, 7, 10, 11, 17, 23]"
27,27,"[2, 3, 4, 6, 7, 8, 9, 12, 14, 16, 17, 20, 22]"
28,28,"[5, 15, 21]"
29,29,"[3, 10, 18, 20]"
30,30,"[5, 11, 19]"
31,31,"[5, 14]"
32,32,"[3, 8, 20]"
33,33,"[4, 12, 13, 19, 25]"
34,34,"[5, 16]"
35,35,"[3, 8, 18]"
36,36,"[2, 4, 5, 7, 8, 9, 12, 14, 16, 18, 20, 26]"
37,37,"[5, 9, 11]"
38,38,"[3, 13, 15, 22]"
39,39,"[4, 11, 14, 25]"
40,40,"[5, 14]"
41,41,"[3, 10, 13, 19, 25]"
42,42,"[5, 10, 18]"
43,43,"[5, 11]"
44,44,"[3, 9, 10, 15]"
45,45,"[4, 12, 18, 22, 23]"
46,46,"[5, 14, 21]"
47,47,"[3, 8, 9, 16, 17, 21]"
48,48,"[5, 10]"
49,49,"[5, 11, 18]"
50,50,"[3, 9, 18]"
51,51,"[6, 10, 17]"
52,52,"[5, 12]"
53,53,"[3, 10, 12, 22]"
54,54,"[5, 9, 17]"
55,55,"[5, 10, 12]"
56,56,"[3, 10, 13, 22]"
57,57,"[4, 8, 10, 14]"
58,58,"[5, 15, 21]"
59,59,"[3, 10, 21, 26]"
60,60,"[5, 12]"
61,61,"[5, 11, 25]"
62,62,"[3, 10, 12, 22, 26]"
63,63,"[4, 12, 15, 21]"
64,64,"[5, 16]"
65,65,"[3, 9, 14]"
66,66,"[5, 15, 21, 29]"
67,67,"[5, 14]"
68,68,"[3, 13, 15, 24]"
69,69,"[4, 6, 7, 9, 11, 12, 19]"
70,70,"[5, 12]"
71,71,"[3, 9, 20]"
72,72,"[5, 9, 13]"
73,73,"[5, 10, 17]"
74,74,"[3, 11, 13, 23, 27]"
75,75,"[4, 6, 9, 10, 16]"
76,76,"[5, 14]"
77,77,"[3, 8, 16]"
78,78,"[5, 12]"
79,79,"[5, 16, 18]"
80,80,"[3, 10, 13, 20]"
81,81,"[6, 12, 16]"
82,82,"[5, 16, 17]"
83,83,"[3, 9, 17, 24]"
84,84,"[5, 11, 15]"
85,85,"[5, 12]"
86,86,"[3, 10, 13, 21]"
87,87,"[4, 12, 17]"
88,88,"[5, 14]"
89,89,"[3, 10, 12, 19, 25, 27]"
90,90,"[5, 10, 15]"
91,91,"[5, 10, 12]"
92,92,"[3, 10, 12, 22]"
93,93,"[4, 12, 21]"
94,94,"[5, 14, 16]"
95,95,"[3, 9, 11, 16]"
96,96,"[2, 3, 4, 5, 6, 9, 10, 12, 13, 16, 18, 26]"
97,97,"[3, 9, 11, 19]"
98,98,"[5, 12]"
99,99,"[6, 11, 16, 22, 23]"
100,100,"[3, 7, 8, 14, 25]"
101,101,"[5, 13, 15, 22]"
102,102,"[5, 11, 14, 19]"
103,103,"[3, 14, 16, 25, 32]"
104,104,"[4, 12, 18]"
105,105,"[5, 12, 20]"
106,106,"[3, 9, 12, 24, 29, 30]"
107,107,"[5, 14, 22, 30]"
108,108,"[5, 10, 15, 16]"
109,109,"[3, 10, 12, 19]"
110,110,"[4, 9, 10, 17]"
111,111,"[5, 12, 22, 25]"
112,112,"[3, 9, 10, 15]"
113,113,"[5, 11, 13, 19, 26]"
114,114,"[5, 9, 20]"
115,115,"[3, 15, 17, 24]"
116,116,"[4, 10, 20, 25]"
117,117,"[5, 14, 23, 30]"
118,118,"[3, 13, 15, 24]"
119,119,"[5, 12, 18, 26]"
120,120,"[5, 11, 12, 14, 17]"
121,121,"[3, 9, 12, 21]"
122,122,"[4, 12, 14, 19]"
123,123,"[5, 9, 10, 15, 19, 20]"
124,124,"[3, 11, 19]"
125,125,"[5, 12, 20, 27]"
126,126,"[5, 11, 25, 27]"
127,127,"[3, 10, 12, 20]"
128,128,"[4, 5, 7, 12, 13, 20]"
129,129,"[5, 14, 21]"
130,130,"[3, 12, 19]"
131,131,"[5, 14, 17, 25, 26]"
132,132,"[5, 9, 12, 19]"
133,133,"[3, 11, 13, 21]"
134,134,"[4, 9, 11]"
135,135,"[5, 11, 19, 25]"
136,136,"[3, 10, 14, 15, 26]"
137,137,"[5, 9, 17]"
138,138,"[5, 14]"
139,139,"[3, 14, 20]"
140,140,"[4, 10, 15, 17]"
141,141,"[5, 13, 22]"
142,142,"[3, 12, 20]"
143,143,"[5, 6, 7, 8, 10, 11, 18, 21, 24]"
144,144,"[5, 12, 14, 16]"
145,145,"[3, 13, 20]"
146,146,"[4, 8, 10, 17, 21]"
147,147,"[5, 11, 20, 25, 26]"
148,148,"[3, 12, 14, 25]"
149,149,"[3, 5, 6, 9, 11, 16]"
150,150,"[5, 11, 25]"
151,151,"[3, 11]"
152,152,"[4, 13, 18]"
153,153,"[5, 6, 11, 16, 26]"
154,154,"[3, 8, 14]"
155,155,"[5, 14]"
156,156,"[5, 12, 14, 21]"
157,157,"[3, 13, 19]"
158,158,"[4, 10, 12]"
159,159,"[5, 14, 17]"
160,160,"[3, 12, 13, 19]"
161,161,"[5, 13, 20]"
162,162,"[5, 11, 16]"
163,163,"[3, 8, 21]"
164,164,"[4, 10, 11, 18]"
165,165,"[5, 14, 20]"
166,166,"[3, 6, 7, 13, 14]"
167,167,"[5, 11, 25]"
168,168,"[5, 14]"
169,169,"[3, 12]"
170,170,"[4, 9, 14, 15]"
171,171,"[5, 12, 18]"
172,172,"[3, 13, 15, 18, 24]"
173,173,"[5, 9, 22]"
174,174,"[5, 10, 19]"
175,175,"[3, 12, 19]"
176,176,"[4, 13, 19]"
177,177,"[3, 14, 19, 22]"
178,178,"[5, 10, 13, 17]"
179,179,"[5, 9, 17]"
180,180,"[3, 12, 18]"
181,181,"[4, 13, 19]"
182,182,"[5, 11, 19]"
183,183,"[3, 11, 23]"
184,184,"[2, 3, 4, 5, 11, 14, 18]"
185,185,"[5, 11, 18]"
186,186,"[3, 12, 18]"
187,187,"[4, 13, 16, 21]"
188,188,"[5, 12]"
189,189,"[3, 13, 17]"
190,190,"[5, 12]"
191,191,"[5, 11]"
192,192,"[3, 16]"
193,193,"[4, 8, 15, 16]"
194,194,"[5, 16]"
195,195,"[3, 12, 15, 23]"
196,196,"[5, 13]"
197,197,"[5, 17]"
198,198,"[3, 13, 15, 20]"
199,199,"[4, 9, 12]"
200,200,"[5, 11, 15]"
201,201,"[3, 7, 9, 15]"
202,202,"[5, 11, 21]"
203,203,"[5, 11]"
204,204,"[3, 9, 15]"
205,205,"[4, 12, 13, 21]"
206,206,"[5, 11, 14, 21]"
207,207,"[3, 15]"
208,208,"[5, 12, 17]"
209,209,"[5, 13, 20]"
210,210,"[3, 11, 13, 20]"
211,211,"[4, 13]"
212,212,"[5, 11, 17]"
213,213,"[3, 6, 9, 12, 16, 18]"
214,214,"[5, 10, 23]"
215,215,"[5, 15]"
216,216,"[3, 10, 20]"
217,217,"[4, 10, 15]"
218,218,"[5, 10, 15]"
219,219,"[3, 14]"
220,220,"[2, 7, 10, 20]"
221,221,"[5, 15]"
222,222,"[4, 7, 9, 11, 12, 20]"
223,223,"[2, 6, 7, 8, 10, 11]"
224,224,"[3, 8, 11, 17]"
225,225,"[5, 11]"
226,226,"[5, 9]"
227,227,"[3, 7, 8, 9, 11, 13, 19]"
228,228,"[4, 11, 16]"
229,229,"[5, 12, 18]"
230,230,"[3, 12, 21]"
231,231,"[5, 17]"
232,232,"[3, 8, 14]"
233,233,"[4, 7, 9, 12, 13, 21]"
234,234,"[5, 10, 17]"
235,235,"[3, 8, 18]"
236,236,"[5, 11, 24]"
237,237,"[5, 11, 21]"
238,238,"[3, 9, 10, 14]"
239,239,"[4, 9, 14]"
240,240,"[5, 15, 17]"
241,241,"[3, 15]"
242,242,"[5, 16]"
243,243,"[5, 11]"
244,244,"[3, 8, 9, 10, 16]"
245,245,"[4, 11]"
246,246,"[5, 10, 12]"
247,247,"[4, 12, 13, 19]"
248,248,"[3, 9, 22]"
249,249,"[5, 11, 12, 19]"
250,250,"[5, 14]"
251,251,"[3, 8, 10, 19]"
252,252,"[6, 11, 12, 13, 14, 15, 16, 18]"
253,253,"[5, 16, 18]"
254,254,"[4, 8, 9, 14]"
255,255,"[5, 14, 19]"
256,256,"[3, 9, 12, 18]"
257,257,"[4, 11, 13, 18]"
258,258,"[5, 12]"
259,259,"[3, 9, 11, 13, 14]"
260,260,"[4, 5, 11, 13, 15, 16, 17, 19, 25]"
261,261,"[5, 14]"
262,262,"[3, 10, 20]"
263,263,"[4, 9, 15]"
264,264,"[5, 12]"
265,265,"[3, 11, 20]"
266,266,"[5, 6, 8, 10, 16]"
267,267,"[5, 12]"
268,268,"[3, 8, 19]"
269,269,"[4, 8, 9, 15]"
270,270,"[5, 11]"
271,271,"[3, 9, 17]"
272,272,"[5, 12]"
273,273,"[5, 16, 18]"
274,274,"[3, 10, 13, 21]"
275,275,"[4, 9, 17]"
276,276,"[5, 7, 9, 10, 12]"
277,277,"[3, 9, 14]"
278,278,"[5, 14]"
279,279,"[3, 13, 15, 21]"
280,280,"[4, 12, 21]"
281,281,"[5, 10, 17]"
282,282,"[3, 9, 19]"
283,283,"[5, 16, 24]"
284,284,"[5, 14]"
285,285,"[3, 9, 10, 18]"
286,286,"[4, 11, 14, 20]"
287,287,"[5, 12]"
288,288,"[3, 13, 15, 23]"
289,289,"[5, 13, 18]"
290,290,"[5, 13]"
291,291,"[3, 10, 12, 18]"
292,292,"[4, 8, 10, 14]"
293,293,"[3, 4, 7, 10, 11, 13, 17, 19, 22]"
294,294,"[5, 12]"
295,295,"[5, 11, 13]"
296,296,"[3, 9, 12, 14]"
297,297,"[4, 6, 9, 10, 16]"
298,298,"[5, 12]"
299,299,"[3, 9, 11, 21, 25]"
300,300,"[5, 10, 11, 18]"
301,301,"[5, 9, 18]"
302,302,"[3, 8, 17]"
303,303,"[4, 12, 13, 21]"
304,304,"[5, 11]"
305,305,"[3, 13, 20]"
306,306,"[5, 11, 18]"
307,307,"[5, 14]"
308,308,"[3, 13, 15, 26]"
309,309,"[4, 7, 12]"
310,310,"[5, 12]"
311,311,"[3, 9, 19]"
312,312,"[5, 12]"
313,313,"[5, 11, 23]"
314,314,"[3, 9, 13, 16, 19]"
315,315,"[4, 10, 13, 24]"
316,316,"[5, 14]"
317,317,"[3, 8, 15]"
318,318,"[5, 12, 20]"
319,319,"[5, 10]"
320,320,"[4, 11, 14, 21]"
321,321,"[5, 16, 21]"
322,322,"[3, 9, 18]"
323,323,"[5, 10, 17]"
324,324,"[3, 9, 10, 17]"
325,325,"[4, 8, 16]"
326,326,"[5, 16, 20]"
327,327,"[3, 9, 15]"
328,328,"[5, 14]"
329,329,"[5, 12]"
330,330,"[3, 10, 22]"
331,331,"[3, 13, 15, 22]"
332,332,"[5, 10, 11, 18]"
333,333,"[5, 14]"
334,334,"[3, 9, 18]"
335,335,"[5, 14]"
336,336,"[3, 9, 14]"
337,337,"[6, 11, 13]"
338,338,[4]
339,339,"[3, 9, 20, 21, 23, 25, 30]"
340,340,"[6, 8, 9, 12, 20, 28]"
341,341,"[4, 9, 14]"
342,342,"[9, 11]"
343,343,"[6, 10]"
344,344,"[6, 9, 16, 17, 18, 23]"
345,345,"[7, 9, 20, 23]"
346,346,"[5, 9, 13]"
347,347,"[6, 11, 12, 19, 23]"
348,348,"[7, 9, 11]"
349,349,"[6, 17, 18, 23]"
350,350,"[7, 8, 10, 11, 13, 14, 15, 18, 25]"
351,351,"[5, 7, 19]"
352,352,"[4, 10, 19, 21]"
353,353,"[3, 13, 15, 25]"
354,354,"[3, 4, 5, 6, 10, 12, 17]"
355,355,"[5, 11, 12, 20, 26]"
356,356,"[5, 7, 10]"
357,357,"[3, 8, 10, 16]"
358,358,"[8, 10, 18, 26]"
359,359,"[6, 11, 13, 17]"
360,360,"[5, 10, 14, 22]"
361,361,"[4, 5, 6, 12, 17, 18, 26]"
362,362,"[3, 6, 7, 14, 16, 20]"
363,363,"[5, 12, 15, 18]"
364,364,"[5, 10, 16, 20]"
365,365,"[3, 10, 12, 19, 28]"
366,366,"[10, 20]"
367,367,[6]
368,368,"[3, 11, 12, 18, 26]"
369,369,"[5, 6, 9, 10, 11, 13, 16, 18, 23]"
370,370,"[3, 9, 19, 26]"
371,371,"[6, 10, 11, 14, 15, 16, 18, 20, 25]"
372,372,"[8, 10]"
373,373,"[7, 8, 13, 14, 25]"
374,374,"[6, 10, 19]"
375,375,"[3, 15, 17, 20]"
376,376,"[8, 15]"
377,377,"[6, 11, 17, 18]"
378,378,"[3, 4, 5, 9, 10, 20]"
379,379,"[5, 11, 12, 17]"
380,380,"[4, 5, 11, 15, 16, 18, 21, 22]"
381,381,"[6, 8]"
382,382,"[6, 11, 16]"
383,383,"[4, 11, 19]"
384,384,"[4, 12]"
385,385,"[7, 15, 21, 24]"
386,386,"[7, 11, 19]"
387,387,"[3, 11, 13, 16]"
388,388,"[6, 12]"
389,389,"[4, 10, 13, 17, 19, 22, 24]"
390,390,"[3, 13, 15, 26]"
391,391,"[4, 12, 21]"
392,392,"[8, 11, 17]"
393,393,"[6, 10, 14]"
394,394,"[5, 11, 15]"
395,395,"[6, 17, 25]"
396,396,"[6, 10]"
397,397,"[10, 16]"
398,398,"[5, 11, 13, 19]"
399,399,"[5, 12, 19]"
400,400,[6]
401,401,"[4, 10, 19]"
402,402,"[6, 12]"
403,403,"[4, 8, 11, 13]"
404,404,"[4, 14, 17]"
405,405,"[3, 10, 13, 20]"
406,406,"[6, 11, 20]"
407,407,"[6, 7, 15]"
408,408,"[5, 12, 16]"
409,409,"[6, 12]"
410,410,"[3, 7, 8, 16]"
411,411,"[5, 11]"
412,412,"[5, 10, 18]"
413,413,"[7, 8, 10, 11, 13, 14, 16, 19, 25]"
414,414,"[4, 10, 19]"
415,415,"[6, 12, 21, 23]"
416,416,"[3, 11, 14, 20]"
417,417,"[6, 14, 22]"
418,418,"[3, 9, 13, 19]"
419,419,[7]
420,420,"[4, 12, 17]"
421,421,"[4, 12, 14, 19]"
422,422,"[3, 10, 17]"
423,423,"[6, 13, 15]"
424,424,"[3, 14, 16, 23]"
425,425,"[5, 11, 19]"
426,426,"[3, 8, 10, 17]"
427,427,"[5, 6, 15, 23]"
428,428,"[5, 12, 19]"
429,429,"[3, 10]"
430,430,"[1, 2, 8, 14, 17, 23]"
431,431,"[5, 6, 12, 17, 21]"
432,432,"[3, 8, 13, 19, 26]"
433,433,"[9, 11, 16, 18, 19, 22]"
434,434,"[8, 13, 22, 25]"
435,435,"[5, 6, 7, 8, 11, 12, 19, 23]"
436,436,"[1, 4, 6, 11, 16, 19, 20, 22, 28, 29]"
437,437,"[2, 5, 7, 13, 18, 20, 24, 26, 28]"
438,438,"[2, 5, 9, 16, 24, 26, 31]"
439,439,"[4, 11, 13, 16, 20]"
440,440,"[4, 11, 19, 22]"
441,441,"[6, 12, 17, 23]"
442,442,"[4, 11, 14, 15, 17]"
443,443,[]
444,444,"[2, 3, 4, 5, 6, 12, 20]"
445,445,"[1, 2, 3, 5, 6, 7, 11, 18]"
446,446,"[2, 9, 11]"
447,447,"[1, 2, 3, 10, 13, 15, 18]"
448,448,"[4, 8, 11, 14, 15, 22]"
449,449,"[7, 15]"
450,450,"[8, 13, 17]"
451,451,[]
452,452,"[3, 8, 15, 16, 21]"
453,453,"[3, 10, 13, 14]"
454,454,"[1, 2, 9, 10, 15]"
455,455,"[8, 9, 14]"
456,456,"[2, 8, 11, 16]"
457,457,"[9, 14, 20]"
458,458,"[9, 18, 22, 27]"
459,459,"[2, 4, 11, 16, 19, 24]"
460,460,"[5, 6, 11, 13, 20, 26]"
461,461,"[6, 12]"
462,462,"[3, 4, 6, 12, 17]"
463,463,"[6, 15]"
464,464,"[6, 8, 14]"
465,465,"[1, 4, 9, 15]"
466,466,"[4, 15, 19]"
467,467,"[6, 9, 10, 11, 14, 15, 21, 24, 25]"
468,468,"[11, 13, 20, 29]"
469,469,"[6, 11, 20, 25]"
470,470,"[5, 8, 16, 25, 34]"
471,471,"[1, 9, 16]"
472,472,"[7, 8, 15]"
473,473,"[2, 11, 20]"
474,474,"[1, 5, 22, 26]"
475,475,"[3, 13, 19]"
476,476,"[3, 5, 12, 20]"
477,477,"[2, 3, 4, 10, 13, 17, 21, 27]"
478,478,"[1, 4, 5, 6, 10, 19, 23]"
479,479,"[6, 11, 16, 19]"
480,480,"[1, 10, 12, 15, 21]"
481,481,"[1, 8, 9, 14, 16, 19]"
482,482,"[5, 7, 13, 14, 16, 20, 26]"
483,483,"[2, 6, 8, 12]"
484,484,"[1, 12, 15]"
485,485,[]
486,486,"[4, 7, 8, 18, 21, 27, 29]"
487,487,"[4, 6, 11, 12, 17, 20, 26, 27]"
488,488,"[4, 5, 6, 9, 13, 20, 28, 29]"
489,489,"[4, 6, 11, 17, 18, 21, 22, 24]"
490,490,[]
491,491,"[1, 2, 3, 4, 9, 14, 15]"
492,492,"[1, 7, 17, 20, 24]"
493,493,"[4, 12, 17, 19]"
494,494,"[11, 14, 15]"
495,495,"[7, 18, 21]"
496,496,[]
497,497,"[5, 14]"
498,498,"[6, 7, 16, 17, 19]"
499,499,[]
500,500,[]
501,501,"[3, 11, 15, 21, 27, 28]"
502,502,"[2, 3, 4, 7, 8, 13, 15, 16, 18, 24, 25]"
503,503,[]
504,504,"[10, 12, 18]"
505,505,"[4, 6, 7, 11, 12, 13, 14, 18]"
506,506,"[2, 9, 14, 15, 18]"
507,507,"[4, 9, 12, 16]"
508,508,"[6, 13, 23]"
509,509,"[6, 11, 18, 25]"
510,510,"[6, 7, 13, 16, 22]"
511,511,"[3, 8, 9, 14]"
512,512,"[10, 16, 20]"
513,513,"[2, 3, 4, 5, 7, 10, 11, 15, 20]"
514,514,"[4, 12, 17]"
515,515,"[6, 7, 8, 9, 14, 15, 22]"
516,516,"[6, 9, 11, 19]"
517,517,"[6, 8, 11, 15, 16, 21]"
518,518,"[6, 7, 11, 18]"
519,519,"[6, 13, 18, 23]"
520,520,"[6, 8, 15, 20]"
521,521,"[6, 7, 12, 15, 20]"
522,522,"[2, 3, 5, 6, 7, 12, 15, 20]"
523,523,"[1, 2, 7, 9, 10, 15, 17]"
524,524,"[1, 6, 10, 17, 22]"
525,525,"[1, 10, 11, 16, 21]"
526,526,"[6, 11, 17, 21]"
527,527,"[3, 9, 12, 14]"
528,528,"[2, 6, 9, 10]"
529,529,"[3, 4, 12, 16]"
530,530,"[6, 10, 17, 23]"
531,531,"[6, 12, 18, 19, 26, 27]"
532,532,"[5, 9, 13, 18, 19]"
533,533,"[6, 7, 8, 9, 11, 12, 17, 19, 25]"
534,534,[]
535,535,[]
536,536,"[1, 6, 10, 17, 22]"
537,537,"[1, 10, 11, 16, 21, 22]"
538,538,[]
539,539,"[7, 13]"
540,540,"[6, 12]"
541,541,"[2, 7, 8, 10, 13]"
542,542,"[3, 11, 18]"
543,543,"[8, 13]"
544,544,"[1, 6, 9, 13]"
545,545,"[2, 4, 5, 8, 9, 13]"
546,546,"[2, 8, 10, 15]"
547,547,"[6, 10, 15, 17, 22]"
548,548,"[4, 5, 9, 13, 16, 17, 18, 21]"
549,549,"[2, 7, 11]"
550,550,"[6, 12]"
551,551,"[1, 8, 15]"
552,552,"[2, 8, 16]"
553,553,"[1, 7, 13]"
554,554,"[1, 5, 8, 13]"
555,555,"[1, 5, 6, 12, 13, 17, 18, 22, 24, 28, 30, 34]"
556,556,"[1, 3, 7, 9, 14, 22]"
557,557,"[1, 6, 8, 12, 20, 25, 26]"
558,558,"[9, 10, 11, 13, 17, 27]"
559,559,"[1, 2, 6, 10, 11, 18, 23]"
560,560,"[6, 8, 9, 11, 14, 16, 21, 22, 23, 34]"
561,561,"[1, 2, 5, 6, 7, 11, 14, 17, 18, 27]"
562,562,"[4, 12, 21, 26, 30]"
563,563,"[1, 6, 8, 13, 17, 26, 29]"
564,564,"[1, 3, 6, 8, 13, 19, 22]"
565,565,[]
566,566,"[1, 4, 10, 12, 19]"
567,567,"[9, 12, 13, 17, 21]"
568,568,"[4, 10, 13, 14, 18, 20, 21]"
569,569,"[4, 10, 13, 18, 26, 34]"
570,570,"[6, 8, 18]"
571,571,"[3, 4, 5, 6, 7, 11, 18, 21, 23]"
572,572,"[6, 11, 12, 15, 20]"
573,573,"[1, 4, 11, 12, 14, 23, 24]"
574,574,"[4, 10, 14, 20, 27]"
575,575,"[5, 9, 12, 13, 17, 22, 28]"
576,576,"[2, 4, 10, 12, 18, 21, 22]"
577,577,"[3, 10, 13, 19, 21, 26]"
578,578,"[5, 11, 12, 15, 16, 18, 22]"
579,579,[]
580,580,"[4, 10, 13, 14, 18, 20, 21]"
581,581,"[5, 11, 12]"
582,582,"[5, 13]"
583,583,[]
584,584,[2]
585,585,"[1, 7, 11, 17]"
586,586,"[2, 3, 7, 11, 15, 16, 17]"
587,587,"[1, 5, 14, 20]"
588,588,[5]
589,589,[]
590,590,"[1, 5, 6, 7, 10, 12]"
591,591,"[9, 14]"
592,592,"[3, 4, 6]"
593,593,[]
594,594,"[4, 11]"
595,595,[8]
596,596,[]
597,597,"[2, 8, 13, 15, 20]"
598,598,"[7, 10, 12, 13, 14]"
599,599,"[2, 10, 14]"
600,600,[]
601,601,"[5, 6, 11, 12, 14, 19]"
602,602,"[7, 13, 14, 19]"
603,603,"[2, 9, 14, 16, 21]"
604,604,"[3, 6]"
605,605,[5]
606,606,[]
607,607,"[3, 5, 9, 12, 14, 17, 18, 20, 28]"
608,608,"[5, 13, 18, 21, 29]"
609,609,"[7, 19]"
610,610,"[5, 6, 10, 13, 18, 22, 24]"
611,611,"[1, 8]"
612,612,"[2, 5, 6, 7, 9, 10, 13, 25]"
613,613,"[3, 4, 9, 10, 12, 15, 16, 25]"
614,614,"[6, 8]"
615,615,"[10, 11]"
616,616,"[1, 6, 8, 15]"
617,617,"[1, 5]"
618,618,"[6, 8, 14]"
619,619,"[6, 15]"
620,620,"[1, 12, 17]"
621,621,"[1, 5]"
622,622,"[2, 8, 10]"
623,623,"[2, 8, 10, 19]"
624,624,"[7, 14, 21, 22, 23]"
625,625,"[6, 8, 9]"
626,626,"[6, 15, 18]"
627,627,"[6, 10, 12, 16, 18]"
628,628,"[3, 9]"
629,629,"[6, 7, 15]"
630,630,[]
631,631,"[6, 8]"
632,632,[]
633,633,[]
634,634,"[3, 5]"
635,635,"[1, 7, 11, 14]"
636,636,"[1, 4]"
637,637,[4]
638,638,"[2, 3, 9, 10, 17]"
639,639,"[1, 4, 11, 19]"
640,640,"[3, 7, 10, 12, 17, 21]"
641,641,"[5, 8, 13, 15, 17]"
642,642,"[3, 6, 11, 16, 21]"
643,643,"[2, 6, 10, 17, 24]"
644,644,"[4, 7, 11, 16]"
645,645,"[3, 10, 18, 21, 28]"
646,646,"[3, 10, 18, 21, 24, 25, 26, 27]"
647,647,"[4, 5, 7, 9, 15, 19, 23, 25]"
648,648,"[3, 11, 14, 18, 19, 23, 30]"
649,649,"[1, 5, 10, 15, 17, 21, 23]"
650,650,"[5, 9, 11, 18, 23, 27, 33]"
651,651,[]
652,652,"[2, 8, 11, 23, 24, 28]"
653,653,"[1, 7, 14, 15, 19]"
654,654,"[6, 12, 13, 15, 18, 22, 23, 27, 28, 30, 36]"
655,655,"[1, 5, 6, 16, 22, 32, 33, 37]"
656,656,"[2, 8, 15, 17, 23]"
657,657,"[1, 11, 12, 19, 21, 27]"
658,658,"[4, 5, 12, 17, 21, 22, 29]"
659,659,"[2, 7, 8, 10, 14, 16, 17, 19, 26, 27, 28, 33]"
660,660,"[2, 5, 8, 14, 16, 22, 28]"
661,661,"[1, 10, 11, 17]"
662,662,"[5, 8, 11, 15, 21, 25]"
663,663,"[5, 9, 11, 15, 18, 19, 24, 31]"
664,664,"[4, 13, 14, 23, 24, 26, 27, 33, 36]"
665,665,"[2, 5, 6, 7, 11, 12, 16, 20]"
666,666,"[1, 3, 8, 12, 20, 25]"
667,667,"[4, 16, 20, 24, 27]"
668,668,"[1, 9, 11, 16, 19]"
669,669,"[1, 9, 15]"
670,670,"[7, 14, 15, 21, 23, 24, 30, 38]"
671,671,"[5, 6, 9, 15, 16, 17, 18, 23, 24, 25, 31, 33, 37]"
672,672,"[2, 4, 5, 6, 13, 14, 16, 18, 20, 23, 26, 30, 39]"
673,673,"[6, 17, 19, 23, 28, 33, 38, 44]"
674,674,"[4, 7, 15, 18, 20, 22, 29]"
675,675,"[2, 6, 12, 13, 18, 24, 28, 31]"
676,676,"[6, 9, 15, 18, 20, 21, 24, 34]"
677,677,"[6, 13, 14, 17, 18, 20, 21, 23, 24, 27, 29, 37]"
678,678,"[3, 9, 13, 16, 20, 24, 29]"
679,679,"[4, 6, 7, 8, 10, 11, 13, 14, 18, 24, 25, 30, 35]"
680,680,"[4, 8, 11]"
681,681,"[7, 8, 9, 11, 12, 14, 15, 21, 23, 26, 27, 30, 38]"
682,682,"[7, 13, 18, 20, 24, 27, 28, 33]"
683,683,"[5, 10, 17, 21, 26, 27, 34, 35]"
684,684,"[5, 11, 16, 23, 26, 29]"
685,685,"[4, 7]"
686,686,"[5, 11, 13, 20, 24]"
687,687,"[6, 14, 20]"
688,688,"[1, 2, 11, 15, 22]"
689,689,"[2, 3, 4, 7, 8, 9, 12, 14, 15, 17, 22]"
690,690,"[2, 5, 10, 11, 13]"
691,691,[5]
692,692,"[2, 7, 11, 12, 19]"
693,693,"[2, 6]"
694,694,"[2, 7, 17, 19, 22]"
695,695,"[8, 9, 17]"
696,696,"[2, 5, 6, 14]"
697,697,"[2, 7, 8, 16]"
698,698,"[1, 4, 6, 13]"
699,699,"[3, 9, 11, 12, 13, 17]"
700,700,"[4, 7, 11, 17]"
701,701,"[3, 9, 14]"
702,702,"[2, 3, 4, 7, 10, 11, 12, 13, 16, 23]"
703,703,"[1, 7, 13, 15, 20, 24]"
704,704,"[2, 5, 13, 15, 20]"
705,705,"[6, 16, 19, 26]"
706,706,"[1, 4, 7, 11]"
707,707,"[3, 6, 8, 11, 17]"
708,708,"[2, 5, 7, 9, 16]"
709,709,"[6, 7]"
710,710,"[6, 9, 18]"
711,711,"[8, 20]"
712,712,"[6, 11, 22]"
713,713,"[2, 10]"
714,714,"[1, 2, 3, 6, 7, 8, 10, 12, 15, 18, 22]"
715,715,"[3, 11]"
716,716,"[5, 8, 13, 17, 22, 28]"
717,717,"[2, 10, 17, 20]"
718,718,"[5, 7, 8, 9]"
719,719,"[4, 8]"
720,720,"[1, 6]"
721,721,"[6, 11, 18]"
722,722,"[2, 8, 15]"
723,723,"[2, 5, 9, 15]"
724,724,"[3, 5, 13]"
725,725,"[2, 9, 15]"
726,726,"[4, 7, 8, 9, 10, 15]"
727,727,"[6, 11, 13, 17, 23]"
728,728,"[7, 8, 13, 14, 20, 28]"
729,729,"[3, 13, 14, 21, 24, 27, 28, 30]"
730,730,"[4, 6, 11, 12, 16, 19, 30]"
731,731,"[1, 3, 5, 11, 14, 20, 28]"
732,732,"[7, 15]"
733,733,"[7, 12, 22, 24]"
734,734,"[2, 11, 15]"
735,735,"[5, 12, 20, 21, 31]"
736,736,"[2, 6, 8, 11, 14, 16, 25]"
737,737,"[10, 15, 24]"
738,738,"[2, 6, 14, 20, 27]"
739,739,"[10, 11, 12, 13, 15, 19, 20, 21, 22, 24]"
740,740,[]
741,741,"[6, 8, 9, 12, 14, 16, 17, 19]"
742,742,"[2, 7, 10, 15, 22]"
743,743,"[6, 8, 11, 12, 15, 17, 28, 29]"
744,744,"[3, 8, 12, 14, 15, 18, 19, 22, 23, 27, 33]"
745,745,"[1, 9, 12, 14]"
746,746,[]
747,747,"[2, 9, 19, 22]"
748,748,"[2, 5, 7, 8, 11, 13, 17, 21]"
749,749,"[4, 8, 9, 10, 12, 14, 23, 28]"
750,750,"[3, 4, 5, 6, 9, 16, 19, 20, 21, 22, 25, 31]"
751,751,"[4, 8, 11, 19, 20, 25]"
752,752,"[2, 4, 6, 13, 18, 21, 22, 24, 25, 29]"
753,753,"[6, 11, 12, 15, 17, 22]"
754,754,"[2, 7, 13, 15, 21, 26, 28, 29, 31, 35]"
755,755,"[2, 6, 12, 13]"
756,756,"[2, 3, 4, 5, 9, 12, 14, 16, 18, 20, 24, 29, 34]"
757,757,"[1, 2, 7, 11, 14, 19, 21, 22, 23, 29, 30, 34, 35]"
758,758,"[6, 12, 15, 16, 21, 26, 29]"
759,759,"[2, 4, 5, 7, 8, 10, 14, 15, 19, 23, 24, 25, 30, 33, 35, 39]"
760,760,"[9, 12, 13, 14, 19, 23]"
761,761,"[1, 3, 5, 8, 9, 14, 21, 23, 31]"
762,762,"[1, 8, 10, 15, 20, 22, 23, 24, 30, 31, 35, 36]"
763,763,"[1, 7, 9]"
764,764,"[1, 11, 14, 18]"
765,765,"[1, 7, 8]"
766,766,[]
767,767,"[6, 8, 13, 14, 22, 25]"
768,768,"[2, 3, 5, 6, 8, 10, 14, 16, 18, 22, 25, 32, 39]"
769,769,"[5, 6, 11, 20, 21, 22, 28, 32, 38]"
770,770,"[2, 4, 10, 15, 23, 26, 31, 32, 36]"
771,771,"[2, 3, 13, 14, 21, 24, 25, 28, 33, 38]"
772,772,"[1, 4, 9, 14]"
773,773,"[1, 11, 14, 18]"
774,774,"[1, 7, 8]"
775,775,"[5, 11, 14, 15, 20, 27]"
776,776,"[2, 3, 8, 11, 17, 20]"
777,777,"[2, 7, 12, 13, 15, 19]"
778,778,"[5, 7, 18]"
779,779,"[1, 9, 10, 11, 22]"
780,780,"[2, 6, 9, 10, 12, 14, 21]"
781,781,"[2, 3, 4, 5, 6, 7, 8, 11, 12, 13, 15, 16, 18, 22, 26, 33, 34]"
782,782,[]
783,783,"[1, 7]"
784,784,"[4, 5, 12, 13, 19, 20, 28, 34, 36, 37, 40, 43]"
785,785,"[9, 17, 18, 22, 32, 34, 38, 49]"
786,786,"[1, 6, 9, 10, 11, 12, 18, 25]"
787,787,"[6, 8, 16, 24, 27]"
788,788,"[2, 8, 9, 11, 12, 15, 23, 25]"
789,789,"[1, 6, 14, 20, 28, 30]"
790,790,"[3, 6, 8, 10, 12, 14]"
791,791,"[6, 8, 10, 15]"
792,792,"[1, 7, 11, 17, 20, 25, 27]"
793,793,"[7, 10]"
794,794,"[3, 4, 7, 8, 9, 14, 19]"
795,795,"[7, 12, 14, 21, 23, 25, 26]"
796,796,[]
797,797,[]
798,798,"[3, 14, 20]"
799,799,[]
800,800,"[2, 7, 15, 17, 23, 27]"
801,801,[]
802,802,"[2, 5, 7, 10, 13, 14, 15, 16, 22, 23]"
803,803,[]
804,804,"[1, 8, 13, 21, 26]"
805,805,"[1, 7, 13, 17, 22, 27, 29]"
806,806,"[1, 8, 13, 14, 19, 23, 29]"
807,807,[]
808,808,"[2, 4, 5, 6, 8, 10, 13, 15, 16, 17, 18, 24]"
809,809,"[1, 4, 7, 14, 17, 26, 29]"
810,810,[]
811,811,[]
812,812,"[4, 11, 17, 19, 21, 23]"
813,813,"[7, 14, 16, 24]"
814,814,"[9, 16, 17, 26, 30]"
815,815,"[3, 7, 16]"
816,816,"[4, 5, 14, 19, 24]"
817,817,"[6, 7, 12, 17, 18, 27]"
818,818,"[1, 7, 8, 12, 20]"
819,819,"[5, 6, 15, 20, 21]"
820,820,"[2, 4, 8, 12, 19, 22]"
821,821,"[1, 9, 16, 18, 19, 20, 23, 26]"
822,822,"[8, 9, 12, 18, 21, 22, 23, 24]"
823,823,"[3, 9, 13, 18, 25, 27]"
824,824,"[2, 8, 9, 11, 12, 14, 15, 16, 23]"
825,825,[]
826,826,"[1, 7, 8, 12, 14, 20, 23, 25]"
827,827,"[5, 8, 14, 15, 22]"
828,828,"[2, 15, 19, 20, 22]"
829,829,"[2, 6, 7, 8, 9, 13, 15, 19]"
830,830,"[3, 11, 19, 26]"
831,831,"[1, 4, 11]"
832,832,[]
833,833,[]
834,834,"[1, 4, 5, 9, 18, 21]"
835,835,"[3, 5, 8, 13, 20]"
836,836,"[1, 8, 15, 18, 20]"
837,837,"[1, 5, 6, 9, 17, 18, 22, 23, 26]"
838,838,"[5, 6, 8, 12, 16]"
839,839,"[1, 7, 10, 14, 15, 18]"
840,840,"[1, 9, 17, 18, 22, 24]"
841,841,"[2, 3, 5, 13, 21]"
842,842,"[1, 9, 14, 15, 19]"
843,843,[]
844,844,"[1, 3, 11, 16]"
845,845,"[5, 9, 16, 18]"
846,846,"[2, 11]"
847,847,[9]
848,848,"[1, 8, 15, 18, 20, 21]"
849,849,"[2, 6, 14, 23]"
850,850,"[9, 15, 16, 20, 21, 23]"
851,851,"[4, 12, 19, 20]"
852,852,"[5, 7, 15, 19, 22, 23, 24]"
853,853,"[2, 8, 13, 18, 20]"
854,854,"[1, 7, 10, 14, 15, 18]"
855,855,"[10, 18, 19, 26, 28]"
856,856,"[2, 6, 13, 14, 21]"
857,857,"[1, 8, 19, 25, 29]"
858,858,"[3, 4, 7, 18, 19, 20, 24]"
859,859,"[4, 7, 12, 19, 20, 23, 26, 28]"
860,860,"[1, 4, 7, 9, 16, 17, 20, 23, 25]"
861,861,"[9, 17, 21, 29]"
862,862,"[4, 12]"
863,863,"[4, 12]"
864,864,"[2, 7, 15, 20, 23]"
865,865,"[6, 11, 20, 25, 31, 32]"
866,866,"[2, 3, 6, 11, 19, 20, 22, 27]"
867,867,"[3, 11, 14, 27]"
868,868,"[1, 6, 11, 15, 21]"
869,869,"[2, 3, 6, 16, 17, 22, 29]"
870,870,"[2, 3, 8, 11, 12, 13, 17, 18, 20, 26]"
871,871,[]
872,872,"[1, 5, 9, 14]"
873,873,"[1, 4, 6, 12, 17]"
874,874,"[2, 11, 19]"
875,875,"[4, 5, 6, 10, 16]"
876,876,"[1, 6, 7, 11, 16]"
877,877,"[2, 5, 10]"
878,878,"[2, 9, 13]"
879,879,"[4, 8, 16]"
880,880,"[2, 5, 7, 11, 16]"
881,881,"[7, 9, 13]"
882,882,"[6, 8, 12, 20]"
883,883,"[9, 15]"
884,884,"[1, 4, 5, 9]"
885,885,"[2, 6, 15]"
886,886,"[1, 5, 11, 15]"
887,887,"[6, 10, 13, 17]"
888,888,"[1, 4, 10, 18]"
889,889,"[1, 9, 14]"
890,890,"[2, 8, 9, 12, 17]"
891,891,"[4, 9, 14, 16, 20]"
892,892,"[1, 6, 10, 17]"
893,893,"[6, 10]"
894,894,"[2, 8, 16]"
895,895,"[6, 7, 8, 11, 16]"
896,896,"[3, 9, 13]"
897,897,"[7, 12, 19]"
898,898,"[6, 9, 10, 12]"
899,899,"[3, 11, 16]"
900,900,"[2, 7, 9, 13]"
901,901,"[2, 6, 14]"
902,902,"[3, 5, 11, 15]"
903,903,"[2, 7, 8, 12, 14, 16, 18, 21, 24]"
904,904,"[3, 4, 8, 10, 12, 16, 19]"
905,905,"[4, 5, 6, 7, 8, 11, 12, 13, 17, 21, 27]"
906,906,"[8, 10, 12, 16, 18, 23]"
907,907,"[2, 4, 10, 11, 12, 13, 14, 15, 17, 21, 24]"
908,908,"[8, 14, 15, 16, 19, 23, 24, 28, 33]"
909,909,"[6, 12, 14, 21, 26]"
910,910,"[2, 8, 15, 18, 24]"
911,911,"[6, 10, 19]"
912,912,"[1, 5, 9, 12, 13, 14, 15, 19, 21, 29, 33]"
913,913,"[3, 10, 14, 15, 24, 35]"
914,914,"[3, 4, 5, 6, 8, 10, 11, 12, 13, 19, 22, 27]"
915,915,"[1, 4, 7, 9, 10, 11, 13, 14, 18, 19, 28, 31]"
916,916,"[1, 4, 5, 13, 16, 17, 18, 20, 23, 27, 32]"
917,917,"[6, 11, 13, 15, 20, 25]"
918,918,"[1, 2, 3, 4, 6, 7, 8, 15, 16, 20, 24, 28]"
919,919,"[3, 7, 9, 12, 14, 18, 22, 28]"
920,920,"[3, 7, 8, 9, 10, 11, 13, 16, 17, 23, 26]"
921,921,"[1, 3, 9, 12, 13, 16, 20, 21, 28]"
922,922,"[3, 4, 5, 10, 11, 12, 13, 15, 19, 20, 22, 23, 25, 28, 34]"
923,923,"[2, 6, 9, 11, 15, 21]"
924,924,"[5, 7, 12, 13, 19]"
925,925,"[5, 12, 17, 21]"
926,926,"[5, 7, 13, 18, 25]"
927,927,"[5, 12, 14]"
928,928,"[7, 14, 19, 20, 23]"
929,929,"[7, 8, 11, 15, 18, 20]"
930,930,"[6, 7, 13, 14, 15, 16, 21]"
931,931,"[5, 6, 8, 13, 16, 18]"
932,932,"[3, 4, 7, 8, 10, 11, 12, 13, 16, 17, 22, 27]"
933,933,"[2, 8, 12, 13, 15, 21]"
934,934,"[1, 6, 8, 14, 15, 21]"
935,935,"[4, 7, 14, 15, 17]"
936,936,"[8, 16, 25, 26, 27, 28]"
937,937,"[5, 8, 14, 20, 21, 24]"
938,938,"[5, 15, 21]"
939,939,"[3, 4, 7, 8, 9, 13, 15, 16, 21, 23]"
940,940,"[5, 6, 12, 14, 19]"
941,941,"[10, 15]"
942,942,"[1, 2, 3, 4, 7, 8, 12, 13, 15]"
943,943,"[6, 13, 22]"
944,944,"[2, 9, 16]"
945,945,"[9, 13, 14, 15, 21, 28]"
946,946,"[6, 11, 12, 14]"
947,947,"[3, 13, 18, 19, 21]"
948,948,"[7, 10, 14, 16, 20, 27]"
949,949,"[2, 10, 11, 15]"
950,950,"[2, 10, 11, 15]"
951,951,"[7, 10, 16, 23, 26]"
952,952,"[1, 5, 8, 16, 19, 21]"
953,953,"[6, 11]"
954,954,"[2, 3, 5, 6, 9, 10, 11, 16, 20, 24, 26]"
955,955,"[1, 6, 7, 8, 16, 17]"
956,956,"[6, 14, 15]"
957,957,"[4, 7, 8, 9, 12, 15, 16, 20, 23, 24, 25, 30]"
958,958,"[4, 12, 16]"
959,959,"[5, 8, 13, 20]"
960,960,"[2, 10, 12]"
961,961,"[1, 6, 11]"
962,962,"[4, 10, 15]"
963,963,"[4, 10, 15]"
964,964,"[6, 11, 16, 19, 20]"
965,965,"[6, 10, 12, 15, 21, 22]"
966,966,"[6, 11, 16, 19, 20]"
967,967,"[11, 16, 19, 20]"
968,968,"[2, 7, 11, 16, 19, 25]"
969,969,"[2, 7, 11, 16, 20, 24, 28]"
970,970,"[4, 8, 14, 16, 22]"
971,971,"[1, 2, 3, 13, 16, 20, 21, 22, 24, 25, 27, 28]"
972,972,"[5, 7, 17, 23]"
973,973,[]
974,974,"[2, 9, 14, 18, 20, 26]"
975,975,"[2, 9, 14, 16, 17, 18, 19, 20, 23, 24, 27, 28, 30, 31]"
976,976,"[1, 4, 6, 11, 12, 13, 14, 19]"
977,977,"[3, 11, 14]"
978,978,[]
979,979,"[1, 7, 12, 15]"
980,980,"[1, 15, 20]"
981,981,"[2, 4, 5, 8, 10, 16, 18]"
982,982,"[2, 7, 10]"
983,983,"[2, 7]"
984,984,"[1, 6, 14, 18, 22, 23]"
985,985,"[2, 7, 8, 12, 13, 18, 23]"
986,986,"[1, 6, 11, 12]"
987,987,"[2, 10, 16, 17, 20, 25, 27, 30, 31]"
988,988,"[4, 9, 13, 17, 23, 33]"
989,989,[1]
990,990,"[2, 7, 11]"
991,991,"[3, 4, 6, 11]"
992,992,"[5, 6, 8, 10, 11, 15, 16]"
993,993,"[5, 6, 12, 18]"
994,994,"[2, 10]"
995,995,"[5, 6, 7, 8, 13, 16]"
996,996,"[5, 6, 9, 13, 20]"
997,997,"[5, 6, 7, 12]"
998,998,"[1, 3, 5, 6, 8, 9, 13, 18]"
999,999,"[3, 4, 7, 8, 11, 12]"
1000,1000,[3]
1001,1001,"[5, 6, 7, 8, 10, 12, 16, 18]"
1002,1002,"[5, 6, 11, 19]"
1003,1003,"[5, 6, 8, 19, 22]"
1004,1004,"[5, 6, 9, 12]"
